human_peptide,bovine_peptide,substitution,dRT_sec,human_RT,bovine_RT,human_log2AC,bovine_log2AC,human_flattened,human_ids,bovine_ids
ELGLREENEGVYNGSWGGR,ELGLREENDGVYNGSWGGR,9:E>D,2.0,29.0,29.04,0.99,-3.23,True,P49419,A0A3S5ZP98;Q2KJC9
QLEAEKMELQSALEEAEASLEHEEGK,QLEAEKLELQSALEEAEASLEHEEGK,7:M>L,3.6,41.67,41.73,-0.67,-0.68,True,P12883,F1MM07
AMLSTGFKIPQK,AMLSTGFKLPQK,9:I>L,12.9,28.73,28.94,0.65,1.19,True,P31327,F1ML89
ALSQHPTLNDDLPNR,ALSQHPTINDDLPNR,8:L>I,13.7,21.66,21.43,0.35,2.26,True,P49326,A6QLN7
INLPAPNPDHVGGYK,ITLPAPNPDHVGGYK,2:N>T,13.9,25.68,25.92,-1.17,-3.41,True,Q9UJS0,A0A3Q1LHX4
LLLEFTDTSYEEKR,MLLEFTDTSYEEKR,1:L>M,14.5,32.94,32.69,-1.92,-3.77,True,P21266,A0A3Q1LSN6
GLEVTAYSPLGSSDR,NLEVTAYSPLGSSDR,1:G>N,14.7,32.09,31.85,1.88,-3.24,True,P14550,Q3ZCJ2
LVADFMAK,LVTDFMAK,3:A>T,0.1,26.41,26.41,3.87,-3.34,False,P00325;P07327;P00326,F1MZP8
VTPGSTCAVFGLGGVGLSAVMGCK,VTPGSTCAIFGLGGVGLSAVMGCK,9:V>I,0.2,41.88,41.88,4.43,2.69,False,P00325;P08319,F1MFZ4
MSLIEEEGSKR,MSLIEEEGGKR,9:S>G,0.5,20.44,20.45,4.0,-4.04,False,P06737,Q0VCM4
LLVPYLMEAIR,LLVPYLMEAVR,10:I>V,1.0,40.04,40.06,3.35,-3.11,False,Q16836,F1N338;A0A3Q1LS03
LGLDFPNLPYLIDGAHK,LGLDFPNLPYLIDGAHR,17:K>R,1.1,42.07,42.09,2.14,-2.53,False,Q03013;P46439;P09488,A1A4L7
TNVNGGAIALGHPLGGSGSR,TNVNGGAIALGHPLAGSGSR,15:G>A,1.8,24.27,24.24,4.52,-2.78,False,P42765,Q3T0R7
VSSFLPWIR,ISSFLPWIR,1:V>I,2.1,41.8,41.83,4.06,2.27,False,P08311,E1BAD2
ILQEGVDPK,ILQEGVGPK,7:D>G,3.4,17.17,17.22,4.25,-3.36,False,P40939,A0A3Q1NDR1
ECEVLPDDTVSTLYNR,ECEVLPDDTVSSLYNR,12:T>S,3.5,32.7,32.76,2.8,-3.46,False,O75891,E1BMG9
HHAAYVNNLNVTEEK,HHAAYVNNLNVAEEK,12:T>A,3.6,17.48,17.54,2.32,-3.89,False,P04179,P41976;E1BHL1
LFYSTFATDDRK,LFYSTFATEDRK,9:D>E,3.8,29.19,29.13,4.97,-4.77,False,P30084,Q58DM8
LARDEGWLAEHMLILGITSPAGK,LARDEGWLAEHMLILGITNPAGK,19:S>N,5.0,41.26,41.18,3.91,-3.11,False,Q16822,F1MDS3
LLCGLLAER,LLCGLLTER,7:A>T,5.5,34.08,34.17,3.61,-4.29,False,P14174,P80177
GSDEPPVFLEIHYK,GSEEPPVFLEIHYK,3:D>E,5.7,34.41,34.32,4.17,-1.0,False,P28838,P00727
NHGLSDEHVFEVICPSIPGYGFSEASSK,NHGLSDEHVFEVICPSIPGYSFSEASSK,21:G>S,6.0,36.3,36.4,4.29,-3.53,False,P07099,Q3ZCJ6
TPDFESTGLYSAMPR,TPDFESTGLYGAMPR,11:S>G,6.6,32.21,32.1,2.71,-3.77,False,P50440,Q2HJ74
LQAVTDDHIR,LQDVTDDHIR,3:A>D,7.0,16.74,16.85,4.21,-3.19,False,P30043,P52556
IVGDLAQFMVQNGLSR,IVGDLAQFMVQNGLTR,15:S>T,7.5,41.39,41.52,3.18,-3.7,False,P11498,Q29RK2
DTVPLPPGGAR,DTVPLPAGGAR,7:P>A,7.6,21.37,21.25,4.28,-3.28,False,Q16822,F1MDS3
EGIQYVFQTR,QGIQYVFQTR,1:E>Q,9.9,32.57,32.41,3.87,3.68,False,P21549,A7MBF1
IDAASPLEK,IDAAAPLEK,5:S>A,11.0,19.89,20.07,3.8,-3.64,False,P00325;P07327;P00326,F1MZN9
NIITHAPNLDNIELYWNSYNNRR,NIIAHAPNLDNIELYWNSYNNRR,4:T>A,11.1,37.96,38.15,5.45,-4.1,False,Q9UN36,Q3ZBA8
VLDSGAPIKIPVGPETLGR,VLDSGAPIRIPVGPETLGR,9:K>R,11.1,33.78,33.97,4.49,-2.94,False,P06576,A0A452DII8;P00829
AILNYIASK,AILNYIATK,8:S>T,11.2,30.68,30.87,3.84,-3.25,False,P08263;P09210;Q7RTV2;Q16772,E1BKD8;A0A3Q1MEC8;Q28035;F1MX44;O18879
TAALQEGLR,AAALQEGLR,1:T>A,11.3,19.39,19.21,4.32,-3.52,False,O95954,A0A3Q1MBB6
SNVSDAVAQSTR,SNVSDAVAQSAR,11:T>A,11.4,16.8,16.62,3.71,-2.96,False,P60174,A0A452DIX3;Q5E956
RGEAHLAVNDFELAR,RGEAHLAVNDFDLAR,12:E>D,14.1,27.87,27.63,3.95,-3.39,False,Q02790,Q9TRY0;F1MU79
DPSASPGDAGEQAIR,DPNASPGDAGEQAIR,3:S>N,14.7,17.81,17.56,4.31,-3.68,False,P18206,F1N789
FQENPEEGR,FQEEPEEGR,4:N>E,14.9,14.19,14.44,4.45,-3.29,False,P49326,A6QLN7
SCLEEGLEPTCFEK,NCLEEGLEPTCFEK,1:S>N,15.0,31.3,31.55,4.56,-3.28,False,P31513,Q8HYJ9
WSLLQQQK,WNLLQQQK,2:S>N,16.2,31.33,31.06,4.33,-2.05,False,P05787,F1MU12;P05786
TLKPTLFPAVPR,TLKPTLFPTVPR,9:A>T,17.4,31.63,31.34,3.31,-3.56,False,Q9ULC5,Q1LZF6
ADDIINSSGYR,TDDIINSSGYR,1:A>T,18.2,22.61,22.91,4.02,-2.96,False,Q68CK6,A7MBE6
VVNSILAFR,VVSSILAFR,3:N>S,18.5,34.45,34.75,4.35,-2.97,False,Q03154,F1MR63
APGAIGPYSQAVLVDR,APAAIGPYSQAVLVDR,3:G>A,18.6,32.16,32.47,3.01,-2.11,False,P52758,Q3T114;A0A3Q1MM98
FELSCYSLAPQIK,FELTCYSLAPQIK,4:S>T,18.6,36.17,36.49,4.39,-3.85,False,P00966,P14568
VLVVDPDLR,VLVVDPELR,7:D>E,18.6,30.71,31.02,4.88,-2.78,False,Q9Y2P5,A6QM10
NHPGLLLMDTTFR,NHEGLLLMDTTFR,3:P>E,18.7,35.19,34.88,5.67,-3.63,False,P11498,Q29RK2
VADIGLAAWGR,VADISLAAWGR,5:G>S,18.7,34.95,35.26,3.21,-3.22,False,P23526,Q3MHL4
QSVENDIHGLRK,QSVESDIHGLRK,5:N>S,19.2,16.74,17.06,4.29,-3.56,False,P05783,F6S1Q0;Cont_P05784
LLYECNPMAYVMEK,LLYECNPMAYVIEK,12:M>I,21.5,39.21,38.85,3.7,-3.33,False,P09467,Q3SZB7
AHLMSQPLAYHTPDCNK,AHLMSQPLAYHTPDCGK,16:N>G,21.7,21.02,21.38,4.43,-4.33,False,Q93088,Q5I597;A0A452DHV7
AAQAPSSFQLLYDLK,AAAAPSSFQLLYDLK,3:Q>A,22.1,40.15,40.52,3.48,-3.11,False,P11586,A4FUD0
GTVRPANDFNPDADAK,GTVRPAGDFNPDADAK,7:N>G,22.3,17.85,18.22,3.32,-1.89,False,P08133,P79134
VSDSISAQYPVVDHEFDAVVVGAGGAGLR,VSDAISAQYPVVDHEFDAVVVGAGGAGLR,4:S>A,22.4,38.95,39.33,3.91,-3.69,False,P31040,P31039
STESLQANVQR,CTESLQANVQR,1:S>C,22.7,16.06,16.44,5.91,-3.54,False,P26373,Q56JZ1;F1MK30
LTLYDIAHTPGVAADLSHIETK,LTLYDIAHTPGVAADLSHIETR,22:K>R,23.2,37.95,38.34,3.33,-3.11,False,P40926,Q32LG3
GAGAFGYFEVTHDITK,GAGAFGYFEVTHDITR,16:K>R,25.0,34.23,34.65,3.82,-3.36,False,P04040,P00432
ESLQQMAEVTR,ETLQQMAEVTR,2:S>T,25.4,18.49,18.92,7.11,-2.71,False,P14314,Q28034
RVLQQFADNDVSR,HVLQQFADNDVSR,1:R>H,25.5,21.05,21.47,5.83,-3.07,False,P51659,A0A3Q1NK91
TGQEVVFVAEPDNK,TGQEVVFVAEPDSK,13:N>S,26.0,26.97,27.4,2.37,-1.87,False,P04844,A0A3Q1MS82;Q3SZI6
AALTGLLHR,AALSGLLHR,4:T>S,26.1,27.0,26.57,3.2,-3.53,False,P55084,O46629
WFYIASAFR,WFYIGSAFR,5:A>G,26.1,41.55,41.11,3.31,-3.35,False,P19652;P02763,Q5GN72;Q3SZR3
GASIVEDKLVEDLR,GASIVEDKLVEDLK,14:R>K,27.4,33.02,32.56,3.83,-4.79,False,P00367,A0A140T871;P00366
LEVAPISDIIAIK,LDVAPISDIIAIK,2:E>D,27.6,40.98,41.44,4.19,-3.64,False,P13804,Q2KJE4;F1MWR3
ASAELALGENSEVLK,ASAELALGENNEVLK,11:S>N,27.9,30.22,29.75,2.09,-3.3,False,P00505,P12344
IVTGGSDNHLILVDLR,VVTGGSDNHLILVDLR,1:I>V,28.0,33.79,33.32,3.09,-3.27,False,P34896,A0A140T896;Q5E9P9
TFVQEDIYDEFVER,TFVQEDIYAEFVER,9:D>A,29.0,39.84,40.33,3.96,-3.16,False,P05091,P20000
GPSGLLVYQGK,GPNGLLVYQGK,3:S>N,29.5,28.12,27.63,4.16,-2.93,False,P00387,P07514
TILEELVQR,TILEELVTR,8:Q>T,29.7,36.77,37.27,3.84,-3.26,False,O75795;P54855,A0A3Q1M7T0;A0A3Q1LYU5;A0A3Q1MBF3
VGGVQSLGGTGALR,VGGVQCLGGTGALR,6:S>C,29.9,24.78,25.28,4.19,-4.47,False,P17174,P33097
